[{"State":"Alabama","NoSample":2.758,"MajorDepression":4.1,"OtherDepression":8.9,"AnyCurrentDepression":13,"id":1,"StoresPerPeople":1.56},
{"State":"Alaska","NoSample":1.806,"MajorDepression":2.3,"OtherDepression":3.9,"AnyCurrentDepression":6.2,"id":2,"StoresPerPeople":2.04},
{"State":"Arizona","NoSample":5.314,"MajorDepression":3.6,"OtherDepression":6.7,"AnyCurrentDepression":10.3,"id":4,"StoresPerPeople":1.72},
{"State":"Arkansas","NoSample":4.809,"MajorDepression":4.9,"OtherDepression":7,"AnyCurrentDepression":11.9,"id":5,"StoresPerPeople":2.37},
{"State":"California","NoSample":5.177,"MajorDepression":3.7,"OtherDepression":5.4,"AnyCurrentDepression":9.1,"id":6,"StoresPerPeople":1.77},
{"State":"Colorado","NoSample":5.093,"MajorDepression":2.4,"OtherDepression":4.1,"AnyCurrentDepression":6.4,"id":8,"StoresPerPeople":2.02},
{"State":"Connecticut","NoSample":4.109,"MajorDepression":2,"OtherDepression":4.5,"AnyCurrentDepression":6.5,"id":9,"StoresPerPeople":3.57},
{"State":"Delaware","NoSample":3.780,"MajorDepression":3.4,"OtherDepression":6.9,"AnyCurrentDepression":10.2,"id":10,"StoresPerPeople":1.86},
{"State":"District of Columbia","NoSample":"NA","MajorDepression":"NA","OtherDepression":"NA","AnyCurrentDepression":"NA","id":11,"StoresPerPeople":"NA"},
{"State":"Florida","NoSample":9.298,"MajorDepression":3.2,"OtherDepression":6.6,"AnyCurrentDepression":9.8,"id":12,"StoresPerPeople":2.28},
{"State":"Georgia","NoSample":6.485,"MajorDepression":3.4,"OtherDepression":5,"AnyCurrentDepression":8.5,"id":13,"StoresPerPeople":1.62},
{"State":"Hawaii","NoSample":5.901,"MajorDepression":3.1,"OtherDepression":6.6,"AnyCurrentDepression":9.7,"id":15,"StoresPerPeople":1.05},
{"State":"Idaho","NoSample":4.570,"MajorDepression":2.9,"OtherDepression":4.7,"AnyCurrentDepression":7.6,"id":16,"StoresPerPeople":2.33},
{"State":"Illinois","NoSample":4.879,"MajorDepression":3.1,"OtherDepression":6.9,"AnyCurrentDepression":10,"id":17,"StoresPerPeople":2.37},
{"State":"Indiana","NoSample":5.746,"MajorDepression":3.9,"OtherDepression":5,"AnyCurrentDepression":8.9,"id":18,"StoresPerPeople":2.96},
{"State":"Iowa","NoSample":4.692,"MajorDepression":2.1,"OtherDepression":4,"AnyCurrentDepression":6.2,"id":19,"StoresPerPeople":3.6},
{"State":"Kansas","NoSample":3.783,"MajorDepression":3.6,"OtherDepression":4.8,"AnyCurrentDepression":8.3,"id":20,"StoresPerPeople":2.48},
{"State":"Kentucky","NoSample":"NA","MajorDepression":"NA","OtherDepression":"NA","AnyCurrentDepression":"NA","id":21,"StoresPerPeople":"NA"},
{"State":"Louisiana","NoSample":5.388,"MajorDepression":2.9,"OtherDepression":7.9,"AnyCurrentDepression":10.8,"id":22,"StoresPerPeople":1.48},
{"State":"Maine","NoSample":3.724,"MajorDepression":3.5,"OtherDepression":4.4,"AnyCurrentDepression":7.9,"id":23,"StoresPerPeople":3},
{"State":"Maryland","NoSample":4.261,"MajorDepression":2.6,"OtherDepression":4.4,"AnyCurrentDepression":7,"id":24,"StoresPerPeople":2.24},
{"State":"Massachusetts","NoSample":5.835,"MajorDepression":2.6,"OtherDepression":4.9,"AnyCurrentDepression":7.5,"id":25,"StoresPerPeople":3.53},
{"State":"Michigan","NoSample":5.077,"MajorDepression":3.8,"OtherDepression":6.4,"AnyCurrentDepression":10.2,"id":26,"StoresPerPeople":2.86},
{"State":"Minnesota","NoSample":4.119,"MajorDepression":2.1,"OtherDepression":3.8,"AnyCurrentDepression":5.9,"id":27,"StoresPerPeople":2.46},
{"State":"Mississippi","NoSample":6.387,"MajorDepression":5.3,"OtherDepression":9.5,"AnyCurrentDepression":14.8,"id":28,"StoresPerPeople":1.51},
{"State":"Missouri","NoSample":4.771,"MajorDepression":4.1,"OtherDepression":5.6,"AnyCurrentDepression":9.7,"id":29,"StoresPerPeople":2.49},
{"State":"Montana","NoSample":5.262,"MajorDepression":2.4,"OtherDepression":4.1,"AnyCurrentDepression":6.5,"id":30,"StoresPerPeople":2.57},
{"State":"Nebraska","NoSample":4.840,"MajorDepression":2.3,"OtherDepression":6,"AnyCurrentDepression":8.3,"id":31,"StoresPerPeople":2.24},
{"State":"Nevada","NoSample":3.222,"MajorDepression":3.7,"OtherDepression":6.1,"AnyCurrentDepression":9.8,"id":32,"StoresPerPeople":2.3},
{"State":"New Hampshire","NoSample":5.230,"MajorDepression":3,"OtherDepression":4.1,"AnyCurrentDepression":7.1,"id":33,"StoresPerPeople":3.87},
{"State":"New Jersey","NoSample":"NA","MajorDepression":"NA","OtherDepression":"NA","AnyCurrentDepression":"NA","id":34,"StoresPerPeople":"NA"},
{"State":"New Mexico","NoSample":5.745,"MajorDepression":3.5,"OtherDepression":5.3,"AnyCurrentDepression":8.7,"id":35,"StoresPerPeople":1.55},
{"State":"New York","NoSample":3.444,"MajorDepression":2.2,"OtherDepression":5.6,"AnyCurrentDepression":7.8,"id":36,"StoresPerPeople":2.69},
{"State":"North Carolina","NoSample":"NA","MajorDepression":"NA","OtherDepression":"NA","AnyCurrentDepression":"NA","id":37,"StoresPerPeople":"NA"},
{"State":"North Dakota","NoSample":4.482,"MajorDepression":1.5,"OtherDepression":3.2,"AnyCurrentDepression":4.8,"id":38,"StoresPerPeople":2.42},
{"State":"Ohio","NoSample":5.797,"MajorDepression":3.9,"OtherDepression":4.9,"AnyCurrentDepression":8.8,"id":39,"StoresPerPeople":3.29},
{"State":"Oklahoma","NoSample":6.117,"MajorDepression":4.7,"OtherDepression":6.6,"AnyCurrentDepression":11.3,"id":40,"StoresPerPeople":2.12},
{"State":"Oregon","NoSample":4.294,"MajorDepression":3.5,"OtherDepression":3.6,"AnyCurrentDepression":7.1,"id":41,"StoresPerPeople":2.27},
{"State":"Pennsylvania","NoSample":"NA","MajorDepression":"NA","OtherDepression":"NA","AnyCurrentDepression":"NA","id":42,"StoresPerPeople":"NA"},
{"State":"Rhode Island","NoSample":4.002,"MajorDepression":3.4,"OtherDepression":5.4,"AnyCurrentDepression":8.8,"id":44,"StoresPerPeople":3.59},
{"State":"South Carolina","NoSample":7.853,"MajorDepression":3.6,"OtherDepression":6,"AnyCurrentDepression":9.6,"id":45,"StoresPerPeople":2},
{"State":"South Dakota","NoSample":"NA","MajorDepression":"NA","OtherDepression":"NA","AnyCurrentDepression":"NA","id":46,"StoresPerPeople":"NA"},
{"State":"Tennessee","NoSample":3.860,"MajorDepression":4.1,"OtherDepression":6.9,"AnyCurrentDepression":11,"id":47,"StoresPerPeople":2.01},
{"State":"Texas","NoSample":5.856,"MajorDepression":3.5,"OtherDepression":5.4,"AnyCurrentDepression":8.9,"id":48,"StoresPerPeople":1.64},
{"State":"Utah","NoSample":4.621,"MajorDepression":3.4,"OtherDepression":5.4,"AnyCurrentDepression":8.8,"id":49,"StoresPerPeople":1.86},
{"State":"Vermont","NoSample":6.185,"MajorDepression":3,"OtherDepression":4.8,"AnyCurrentDepression":7.8,"id":50,"StoresPerPeople":2.81},
{"State":"Virginia","NoSample":4.636,"MajorDepression":2.8,"OtherDepression":4.2,"AnyCurrentDepression":7,"id":51,"StoresPerPeople":2.12},
{"State":"Washington","NoSample":9.382,"MajorDepression":3.1,"OtherDepression":4.6,"AnyCurrentDepression":7.7,"id":53,"StoresPerPeople":1.93},
{"State":"West Virginia","NoSample":3.439,"MajorDepression":5.3,"OtherDepression":9,"AnyCurrentDepression":14.3,"id":54,"StoresPerPeople":3.19},
{"State":"Wisconsin","NoSample":4.228,"MajorDepression":2.3,"OtherDepression":4.2,"AnyCurrentDepression":6.5,"id":55,"StoresPerPeople":2.19},
{"State":"Wyoming","NoSample":4.495,"MajorDepression":3.1,"OtherDepression":4.5,"AnyCurrentDepression":7.6,"id":56,"StoresPerPeople":2.25}]